<config_root>
    <match_list>
        <item value="RootFollowMain" key="Reference"/>
        <item value="RootX_M" key="Hips"/>
        <item value="FKHip_L" key="LeftUpLeg"/>
        <item value="FKKnee_L" key="LeftLeg"/>
        <item value="FKAnkle_L" key="LeftFoot"/>
        <item value="FKHip_R" key="RightUpLeg"/>
        <item value="FKKnee_R" key="RightLeg"/>
        <item value="FKAnkle_R" key="RightFoot"/>
        <item value="FKSpine1_M" key="Spine"/>
        <item value="FKShoulder_L" key="LeftArm"/>
        <item value="FKElbow_L" key="LeftForeArm"/>
        <item value="FKWrist_L" key="LeftHand"/>
        <item value="FKShoulder_R" key="RightArm"/>
        <item value="FKElbow_R" key="RightForeArm"/>
        <item value="FKWrist_R" key="RightHand"/>
        <item value="FKHead_M" key="Head"/>
        <item value="FKToes_L" key="LeftToeBase"/>
        <item value="FKToes_R" key="RightToeBase"/>
        <item value="FKScapula_L" key="LeftShoulder"/>
        <item value="FKScapula_R" key="RightShoulder"/>
        <item value="FKNeck_M" key="Neck"/>
        <item value="" key="LeftFingerBase"/>
        <item value="" key="RightFingerBase"/>
        <item value="FKSpine2_M" key="Spine1"/>
        <item value="FKSpine3_M" key="Spine2"/>
        <item value="FKSpine4_M" key="Spine3"/>
        <item value="" key="Spine4"/>
        <item value="" key="Spine5"/>
        <item value="" key="Spine6"/>
        <item value="" key="Spine7"/>
        <item value="" key="Spine8"/>
        <item value="" key="Spine9"/>
        <item value="" key="Neck1"/>
        <item value="" key="Neck2"/>
        <item value="" key="Neck3"/>
        <item value="" key="Neck4"/>
        <item value="" key="Neck5"/>
        <item value="" key="Neck6"/>
        <item value="" key="Neck7"/>
        <item value="" key="Neck8"/>
        <item value="" key="Neck9"/>
        <item value="" key="LeftUpLegRoll"/>
        <item value="" key="LeftLegRoll"/>
        <item value="" key="RightUpLegRoll"/>
        <item value="" key="RightLegRoll"/>
        <item value="" key="LeftArmRoll"/>
        <item value="" key="LeftForeArmRoll"/>
        <item value="" key="RightArmRoll"/>
        <item value="" key="RightForeArmRoll"/>
        <item value="" key="HipsTranslation"/>
        <item value="FKThumbFinger1_L" key="LeftHandThumb1"/>
        <item value="FKThumbFinger2_L" key="LeftHandThumb2"/>
        <item value="FKThumbFinger3_L" key="LeftHandThumb3"/>
        <item value="" key="LeftHandThumb4"/>
        <item value="FKIndexFinger1_L" key="LeftHandIndex1"/>
        <item value="FKIndexFinger2_L" key="LeftHandIndex2"/>
        <item value="FKIndexFinger3_L" key="LeftHandIndex3"/>
        <item value="" key="LeftHandIndex4"/>
        <item value="FKMiddleFinger1_L" key="LeftHandMiddle1"/>
        <item value="FKMiddleFinger2_L" key="LeftHandMiddle2"/>
        <item value="FKMiddleFinger3_L" key="LeftHandMiddle3"/>
        <item value="" key="LeftHandMiddle4"/>
        <item value="FKRingFinger1_L" key="LeftHandRing1"/>
        <item value="FKRingFinger2_L" key="LeftHandRing2"/>
        <item value="FKRingFinger3_L" key="LeftHandRing3"/>
        <item value="" key="LeftHandRing4"/>
        <item value="FKPinkyFinger1_L" key="LeftHandPinky1"/>
        <item value="FKPinkyFinger2_L" key="LeftHandPinky2"/>
        <item value="FKPinkyFinger3_L" key="LeftHandPinky3"/>
        <item value="" key="LeftHandPinky4"/>
        <item value="" key="LeftHandExtraFinger1"/>
        <item value="" key="LeftHandExtraFinger2"/>
        <item value="" key="LeftHandExtraFinger3"/>
        <item value="" key="LeftHandExtraFinger4"/>
        <item value="FKThumbFinger1_R" key="RightHandThumb1"/>
        <item value="FKThumbFinger2_R" key="RightHandThumb2"/>
        <item value="FKThumbFinger3_R" key="RightHandThumb3"/>
        <item value="" key="RightHandThumb4"/>
        <item value="FKIndexFinger1_R" key="RightHandIndex1"/>
        <item value="FKIndexFinger2_R" key="RightHandIndex2"/>
        <item value="FKIndexFinger3_R" key="RightHandIndex3"/>
        <item value="" key="RightHandIndex4"/>
        <item value="FKMiddleFinger1_R" key="RightHandMiddle1"/>
        <item value="FKMiddleFinger2_R" key="RightHandMiddle2"/>
        <item value="FKMiddleFinger3_R" key="RightHandMiddle3"/>
        <item value="" key="RightHandMiddle4"/>
        <item value="FKRingFinger1_R" key="RightHandRing1"/>
        <item value="FKRingFinger2_R" key="RightHandRing2"/>
        <item value="FKRingFinger3_R" key="RightHandRing3"/>
        <item value="" key="RightHandRing4"/>
        <item value="FKPinkyFinger1_R" key="RightHandPinky1"/>
        <item value="FKPinkyFinger2_R" key="RightHandPinky2"/>
        <item value="FKPinkyFinger3_R" key="RightHandPinky3"/>
        <item value="" key="RightHandPinky4"/>
        <item value="" key="RightHandExtraFinger1"/>
        <item value="" key="RightHandExtraFinger2"/>
        <item value="" key="RightHandExtraFinger3"/>
        <item value="" key="RightHandExtraFinger4"/>
        <item value="" key="LeftFootThumb1"/>
        <item value="" key="LeftFootThumb2"/>
        <item value="" key="LeftFootThumb3"/>
        <item value="" key="LeftFootThumb4"/>
        <item value="" key="LeftFootIndex1"/>
        <item value="" key="LeftFootIndex2"/>
        <item value="" key="LeftFootIndex3"/>
        <item value="" key="LeftFootIndex4"/>
        <item value="" key="LeftFootMiddle1"/>
        <item value="" key="LeftFootMiddle2"/>
        <item value="" key="LeftFootMiddle3"/>
        <item value="" key="LeftFootMiddle4"/>
        <item value="" key="LeftFootRing1"/>
        <item value="" key="LeftFootRing2"/>
        <item value="" key="LeftFootRing3"/>
        <item value="" key="LeftFootRing4"/>
        <item value="" key="LeftFootPinky1"/>
        <item value="" key="LeftFootPinky2"/>
        <item value="" key="LeftFootPinky3"/>
        <item value="" key="LeftFootPinky4"/>
        <item value="" key="LeftFootExtraFinger1"/>
        <item value="" key="LeftFootExtraFinger2"/>
        <item value="" key="LeftFootExtraFinger3"/>
        <item value="" key="LeftFootExtraFinger4"/>
        <item value="" key="RightFootThumb1"/>
        <item value="" key="RightFootThumb2"/>
        <item value="" key="RightFootThumb3"/>
        <item value="" key="RightFootThumb4"/>
        <item value="" key="RightFootIndex1"/>
        <item value="" key="RightFootIndex2"/>
        <item value="" key="RightFootIndex3"/>
        <item value="" key="RightFootIndex4"/>
        <item value="" key="RightFootMiddle1"/>
        <item value="" key="RightFootMiddle2"/>
        <item value="" key="RightFootMiddle3"/>
        <item value="" key="RightFootMiddle4"/>
        <item value="" key="RightFootRing1"/>
        <item value="" key="RightFootRing2"/>
        <item value="" key="RightFootRing3"/>
        <item value="" key="RightFootRing4"/>
        <item value="" key="RightFootPinky1"/>
        <item value="" key="RightFootPinky2"/>
        <item value="" key="RightFootPinky3"/>
        <item value="" key="RightFootPinky4"/>
        <item value="" key="RightFootExtraFinger1"/>
        <item value="" key="RightFootExtraFinger2"/>
        <item value="" key="RightFootExtraFinger3"/>
        <item value="" key="RightFootExtraFinger4"/>
        <item value="" key="LeftInHandThumb"/>
        <item value="" key="LeftInHandIndex"/>
        <item value="" key="LeftInHandMiddle"/>
        <item value="" key="LeftInHandRing"/>
        <item value="" key="LeftInHandPinky"/>
        <item value="" key="LeftInHandExtraFinger"/>
        <item value="" key="RightInHandThumb"/>
        <item value="" key="RightInHandIndex"/>
        <item value="" key="RightInHandMiddle"/>
        <item value="" key="RightInHandRing"/>
        <item value="" key="RightInHandPinky"/>
        <item value="" key="RightInHandExtraFinger"/>
        <item value="" key="LeftInFootThumb"/>
        <item value="" key="LeftInFootIndex"/>
        <item value="" key="LeftInFootMiddle"/>
        <item value="" key="LeftInFootRing"/>
        <item value="" key="LeftInFootPinky"/>
        <item value="" key="LeftInFootExtraFinger"/>
        <item value="" key="RightInFootThumb"/>
        <item value="" key="RightInFootIndex"/>
        <item value="" key="RightInFootMiddle"/>
        <item value="" key="RightInFootRing"/>
        <item value="" key="RightInFootPinky"/>
        <item value="" key="RightInFootExtraFinger"/>
        <item value="" key="LeftShoulderExtra"/>
        <item value="" key="RightShoulderExtra"/>
        <item value="" key="LeafLeftUpLegRoll1"/>
        <item value="" key="LeafLeftLegRoll1"/>
        <item value="" key="LeafRightUpLegRoll1"/>
        <item value="" key="LeafRightLegRoll1"/>
        <item value="" key="LeafLeftArmRoll1"/>
        <item value="" key="LeafLeftForeArmRoll1"/>
        <item value="" key="LeafRightArmRoll1"/>
        <item value="" key="LeafRightForeArmRoll1"/>
        <item value="" key="LeafLeftUpLegRoll2"/>
        <item value="" key="LeafLeftLegRoll2"/>
        <item value="" key="LeafRightUpLegRoll2"/>
        <item value="" key="LeafRightLegRoll2"/>
        <item value="" key="LeafLeftArmRoll2"/>
        <item value="" key="LeafLeftForeArmRoll2"/>
        <item value="" key="LeafRightArmRoll2"/>
        <item value="" key="LeafRightForeArmRoll2"/>
        <item value="" key="LeafLeftUpLegRoll3"/>
        <item value="" key="LeafLeftLegRoll3"/>
        <item value="" key="LeafRightUpLegRoll3"/>
        <item value="" key="LeafRightLegRoll3"/>
        <item value="" key="LeafLeftArmRoll3"/>
        <item value="" key="LeafLeftForeArmRoll3"/>
        <item value="" key="LeafRightArmRoll3"/>
        <item value="" key="LeafRightForeArmRoll3"/>
        <item value="" key="LeafLeftUpLegRoll4"/>
        <item value="" key="LeafLeftLegRoll4"/>
        <item value="" key="LeafRightUpLegRoll4"/>
        <item value="" key="LeafRightLegRoll4"/>
        <item value="" key="LeafLeftArmRoll4"/>
        <item value="" key="LeafLeftForeArmRoll4"/>
        <item value="" key="LeafRightArmRoll4"/>
        <item value="" key="LeafRightForeArmRoll4"/>
        <item value="" key="LeafLeftUpLegRoll5"/>
        <item value="" key="LeafLeftLegRoll5"/>
        <item value="" key="LeafRightUpLegRoll5"/>
        <item value="" key="LeafRightLegRoll5"/>
        <item value="" key="LeafLeftArmRoll5"/>
        <item value="" key="LeafLeftForeArmRoll5"/>
        <item value="" key="LeafRightArmRoll5"/>
        <item value="" key="LeafRightForeArmRoll5"/>
    </match_list>
</config_root>
